date,weekday,type,holiday_id,name,short_name,display_label,description,readonly,source_url
2026-01-01,Thu,holiday,new_year,元旦,元旦,休,元旦假期第1天，共3天,true,https://www.gov.cn/zhengce/zhengceku/202511/content_7047091.htm
2026-01-02,Fri,holiday,new_year,元旦,元旦,休,元旦假期第2天，共3天,true,https://www.gov.cn/zhengce/zhengceku/202511/content_7047091.htm
2026-01-03,Sat,holiday,new_year,元旦,元旦,休,元旦假期第3天，共3天,true,https://www.gov.cn/zhengce/zhengceku/202511/content_7047091.htm
2026-01-04,Sun,adjusted_workday,new_year,元旦调休上班,上班,班,元旦调休上班日,true,https://www.gov.cn/zhengce/zhengceku/202511/content_7047091.htm
2026-02-14,Sat,adjusted_workday,spring_festival,春节调休上班,上班,班,春节调休上班日,true,https://www.gov.cn/zhengce/zhengceku/202511/content_7047091.htm
2026-02-15,Sun,holiday,spring_festival,春节,春节,休,春节假期第1天，共9天,true,https://www.gov.cn/zhengce/zhengceku/202511/content_7047091.htm
2026-02-16,Mon,holiday,spring_festival,春节,春节,休,春节假期第2天，共9天,true,https://www.gov.cn/zhengce/zhengceku/202511/content_7047091.htm
2026-02-17,Tue,holiday,spring_festival,春节,春节,休,春节假期第3天，共9天,true,https://www.gov.cn/zhengce/zhengceku/202511/content_7047091.htm
2026-02-18,Wed,holiday,spring_festival,春节,春节,休,春节假期第4天，共9天,true,https://www.gov.cn/zhengce/zhengceku/202511/content_7047091.htm
2026-02-19,Thu,holiday,spring_festival,春节,春节,休,春节假期第5天，共9天,true,https://www.gov.cn/zhengce/zhengceku/202511/content_7047091.htm
2026-02-20,Fri,holiday,spring_festival,春节,春节,休,春节假期第6天，共9天,true,https://www.gov.cn/zhengce/zhengceku/202511/content_7047091.htm
2026-02-21,Sat,holiday,spring_festival,春节,春节,休,春节假期第7天，共9天,true,https://www.gov.cn/zhengce/zhengceku/202511/content_7047091.htm
2026-02-22,Sun,holiday,spring_festival,春节,春节,休,春节假期第8天，共9天,true,https://www.gov.cn/zhengce/zhengceku/202511/content_7047091.htm
2026-02-23,Mon,holiday,spring_festival,春节,春节,休,春节假期第9天，共9天,true,https://www.gov.cn/zhengce/zhengceku/202511/content_7047091.htm
2026-02-28,Sat,adjusted_workday,spring_festival,春节调休上班,上班,班,春节调休上班日,true,https://www.gov.cn/zhengce/zhengceku/202511/content_7047091.htm
2026-04-04,Sat,holiday,qingming,清明节,清明,休,清明节假期第1天，共3天,true,https://www.gov.cn/zhengce/zhengceku/202511/content_7047091.htm
2026-04-05,Sun,holiday,qingming,清明节,清明,休,清明节假期第2天，共3天,true,https://www.gov.cn/zhengce/zhengceku/202511/content_7047091.htm
2026-04-06,Mon,holiday,qingming,清明节,清明,休,清明节假期第3天，共3天,true,https://www.gov.cn/zhengce/zhengceku/202511/content_7047091.htm
2026-05-01,Fri,holiday,labor_day,劳动节,劳动,休,劳动节假期第1天，共5天,true,https://www.gov.cn/zhengce/zhengceku/202511/content_7047091.htm
2026-05-02,Sat,holiday,labor_day,劳动节,劳动,休,劳动节假期第2天，共5天,true,https://www.gov.cn/zhengce/zhengceku/202511/content_7047091.htm
2026-05-03,Sun,holiday,labor_day,劳动节,劳动,休,劳动节假期第3天，共5天,true,https://www.gov.cn/zhengce/zhengceku/202511/content_7047091.htm
2026-05-04,Mon,holiday,labor_day,劳动节,劳动,休,劳动节假期第4天，共5天,true,https://www.gov.cn/zhengce/zhengceku/202511/content_7047091.htm
2026-05-05,Tue,holiday,labor_day,劳动节,劳动,休,劳动节假期第5天，共5天,true,https://www.gov.cn/zhengce/zhengceku/202511/content_7047091.htm
2026-05-09,Sat,adjusted_workday,labor_day,劳动节调休上班,上班,班,劳动节调休上班日,true,https://www.gov.cn/zhengce/zhengceku/202511/content_7047091.htm
2026-06-19,Fri,holiday,dragon_boat,端午节,端午,休,端午节假期第1天，共3天,true,https://www.gov.cn/zhengce/zhengceku/202511/content_7047091.htm
2026-06-20,Sat,holiday,dragon_boat,端午节,端午,休,端午节假期第2天，共3天,true,https://www.gov.cn/zhengce/zhengceku/202511/content_7047091.htm
2026-06-21,Sun,holiday,dragon_boat,端午节,端午,休,端午节假期第3天，共3天,true,https://www.gov.cn/zhengce/zhengceku/202511/content_7047091.htm
2026-09-20,Sun,adjusted_workday,national_day,国庆节调休上班,上班,班,国庆节调休上班日,true,https://www.gov.cn/zhengce/zhengceku/202511/content_7047091.htm
2026-09-25,Fri,holiday,mid_autumn,中秋节,中秋,休,中秋节假期第1天，共3天,true,https://www.gov.cn/zhengce/zhengceku/202511/content_7047091.htm
2026-09-26,Sat,holiday,mid_autumn,中秋节,中秋,休,中秋节假期第2天，共3天,true,https://www.gov.cn/zhengce/zhengceku/202511/content_7047091.htm
2026-09-27,Sun,holiday,mid_autumn,中秋节,中秋,休,中秋节假期第3天，共3天,true,https://www.gov.cn/zhengce/zhengceku/202511/content_7047091.htm
2026-10-01,Thu,holiday,national_day,国庆节,国庆,休,国庆节假期第1天，共7天,true,https://www.gov.cn/zhengce/zhengceku/202511/content_7047091.htm
2026-10-02,Fri,holiday,national_day,国庆节,国庆,休,国庆节假期第2天，共7天,true,https://www.gov.cn/zhengce/zhengceku/202511/content_7047091.htm
2026-10-03,Sat,holiday,national_day,国庆节,国庆,休,国庆节假期第3天，共7天,true,https://www.gov.cn/zhengce/zhengceku/202511/content_7047091.htm
2026-10-04,Sun,holiday,national_day,国庆节,国庆,休,国庆节假期第4天，共7天,true,https://www.gov.cn/zhengce/zhengceku/202511/content_7047091.htm
2026-10-05,Mon,holiday,national_day,国庆节,国庆,休,国庆节假期第5天，共7天,true,https://www.gov.cn/zhengce/zhengceku/202511/content_7047091.htm
2026-10-06,Tue,holiday,national_day,国庆节,国庆,休,国庆节假期第6天，共7天,true,https://www.gov.cn/zhengce/zhengceku/202511/content_7047091.htm
2026-10-07,Wed,holiday,national_day,国庆节,国庆,休,国庆节假期第7天，共7天,true,https://www.gov.cn/zhengce/zhengceku/202511/content_7047091.htm
2026-10-10,Sat,adjusted_workday,national_day,国庆节调休上班,上班,班,国庆节调休上班日,true,https://www.gov.cn/zhengce/zhengceku/202511/content_7047091.htm
