id,动作名称,英文名,训练部位,主要肌群,代偿/次部位,肌肉图主区域key,肌肉图次区域key,器械,动作类型,难度,默认组数,默认次数/时长,建议休息秒数,动作描述1,动作描述2,动作描述3,注意事项1,注意事项2,注意事项3,资料依据,导入备注
chest_barbell_bench_press,杠铃卧推,Barbell Bench Press,胸部,胸大肌,三角肌前束、肱三头肌,chest,"front_delts,triceps",杠铃/卧推凳,水平推,中级,4,6-10次,120,仰卧在卧推凳上，双脚踩稳，肩胛骨向后下方收紧。,握距略宽于肩，控制杠铃下降至胸部附近后向上推起。,全程保持手腕中立，推起时不要耸肩或过度锁死手肘。,不要让杠铃弹胸。,大重量时建议使用保护架或同伴保护。,腰背可自然反弓，但臀部不要离开凳面。,"Compiled from common gym programming patterns and cross-checked against public exercise libraries such as ACE Fitness Exercise Library, wger/exercise API metadata, ExerciseDB-style muscle/equipment fields, and NASM rest-interval guidance. Secondary muscles and cautions are normalized by AI for app import.",主/次部位已按本 App 的训练目标体系归一化；可直接作为 seed data，后续再替换图片与视频链接。
chest_dumbbell_bench_press,哑铃卧推,Dumbbell Bench Press,胸部,胸大肌,三角肌前束、肱三头肌,chest,"front_delts,triceps",哑铃/卧推凳,水平推,中级,4,8-12次,120,仰卧持哑铃，手腕稳定，哑铃位于胸部两侧上方。,控制哑铃向下打开至胸部两侧，再沿弧线推回上方。,顶端可略向内收，但不要让哑铃互相猛烈碰撞。,避免哑铃下降过深造成肩前侧不适。,保持两侧动作同步。,选择能稳定控制的重量。,"Compiled from common gym programming patterns and cross-checked against public exercise libraries such as ACE Fitness Exercise Library, wger/exercise API metadata, ExerciseDB-style muscle/equipment fields, and NASM rest-interval guidance. Secondary muscles and cautions are normalized by AI for app import.",主/次部位已按本 App 的训练目标体系归一化；可直接作为 seed data，后续再替换图片与视频链接。
chest_incline_dumbbell_press,上斜哑铃卧推,Incline Dumbbell Press,胸部,上胸/胸大肌锁骨部,三角肌前束、肱三头肌,upper_chest,"front_delts,triceps",哑铃/上斜凳,上斜推,中级,4,8-12次,120,将凳背调至约30-45度，肩胛稳定贴住靠背。,哑铃从上胸两侧下降，再向上推至肩上方。,保持肘部略低于肩线，感受上胸发力。,凳角过高会更多刺激肩部。,不要耸肩顶起重量。,下放速度要可控。,"Compiled from common gym programming patterns and cross-checked against public exercise libraries such as ACE Fitness Exercise Library, wger/exercise API metadata, ExerciseDB-style muscle/equipment fields, and NASM rest-interval guidance. Secondary muscles and cautions are normalized by AI for app import.",主/次部位已按本 App 的训练目标体系归一化；可直接作为 seed data，后续再替换图片与视频链接。
chest_incline_barbell_press,上斜杠铃卧推,Incline Barbell Press,胸部,上胸/胸大肌锁骨部,三角肌前束、肱三头肌,upper_chest,"front_delts,triceps",杠铃/上斜凳,上斜推,中级,4,6-10次,120,躺在上斜凳上，握距略宽于肩，肩胛后收。,杠铃下降至上胸附近后平稳推起。,保持前臂接近垂直，避免杠铃路径过度前后晃动。,不要让杠铃砸向锁骨。,肩部不适时降低角度或换哑铃。,大重量使用保护。,"Compiled from common gym programming patterns and cross-checked against public exercise libraries such as ACE Fitness Exercise Library, wger/exercise API metadata, ExerciseDB-style muscle/equipment fields, and NASM rest-interval guidance. Secondary muscles and cautions are normalized by AI for app import.",主/次部位已按本 App 的训练目标体系归一化；可直接作为 seed data，后续再替换图片与视频链接。
chest_push_up,俯卧撑,Push-up,胸部,胸大肌,三角肌前束、肱三头肌、核心,chest,"front_delts,triceps,core",自重,水平推,初级,3,8-20次,120,双手略宽于肩，身体从头到脚保持一条直线。,弯肘下降至胸部接近地面，再推回起始位置。,收紧腹部和臀部，避免塌腰或抬臀。,手腕不适可用俯卧撑支架。,不要耸肩。,动作幅度以肩部舒适为前提。,"Compiled from common gym programming patterns and cross-checked against public exercise libraries such as ACE Fitness Exercise Library, wger/exercise API metadata, ExerciseDB-style muscle/equipment fields, and NASM rest-interval guidance. Secondary muscles and cautions are normalized by AI for app import.",主/次部位已按本 App 的训练目标体系归一化；可直接作为 seed data，后续再替换图片与视频链接。
chest_dip,双杠臂屈伸（胸向）,Chest Dip,胸部,胸大肌下束,肱三头肌、三角肌前束,lower_chest,"triceps,front_delts",双杠/自重,下压推,中级,3,6-12次,120,双手支撑双杠，身体略前倾，肩胛稳定。,弯肘下降至胸部有拉伸感，再推起身体。,保持前倾可增强胸部参与，肘部自然向后外侧打开。,肩前侧不适时减少下放幅度。,不要在底部突然反弹。,初学者可用辅助器械。,"Compiled from common gym programming patterns and cross-checked against public exercise libraries such as ACE Fitness Exercise Library, wger/exercise API metadata, ExerciseDB-style muscle/equipment fields, and NASM rest-interval guidance. Secondary muscles and cautions are normalized by AI for app import.",主/次部位已按本 App 的训练目标体系归一化；可直接作为 seed data，后续再替换图片与视频链接。
chest_cable_fly,绳索夹胸,Cable Fly,胸部,胸大肌,三角肌前束,chest,front_delts,龙门架/绳索,夹胸,中级,3,10-15次,75,站在龙门架中间，双手握把，身体略前倾。,手臂微屈，从两侧向胸前合拢。,顶点主动挤压胸肌，回放时保持控制。,不要用身体摆动借力。,肘角保持相对固定。,避免肩膀向前耸起。,"Compiled from common gym programming patterns and cross-checked against public exercise libraries such as ACE Fitness Exercise Library, wger/exercise API metadata, ExerciseDB-style muscle/equipment fields, and NASM rest-interval guidance. Secondary muscles and cautions are normalized by AI for app import.",主/次部位已按本 App 的训练目标体系归一化；可直接作为 seed data，后续再替换图片与视频链接。
chest_pec_deck,蝴蝶机夹胸,Pec Deck Fly,胸部,胸大肌,三角肌前束,chest,front_delts,器械,夹胸,中级,3,10-15次,75,调整座椅高度，使手柄与胸部大致同高。,前臂或双手推动手柄向中间合拢。,缓慢回放，保持胸部持续受力。,不要让重量片猛撞。,肩部不适时减少后展幅度。,背部贴靠垫，不要前探。,"Compiled from common gym programming patterns and cross-checked against public exercise libraries such as ACE Fitness Exercise Library, wger/exercise API metadata, ExerciseDB-style muscle/equipment fields, and NASM rest-interval guidance. Secondary muscles and cautions are normalized by AI for app import.",主/次部位已按本 App 的训练目标体系归一化；可直接作为 seed data，后续再替换图片与视频链接。
chest_machine_press,坐姿推胸器,Machine Chest Press,胸部,胸大肌,三角肌前束、肱三头肌,chest,"front_delts,triceps",器械,水平推,中级,3,8-12次,105,调整座椅，让手柄与胸部中线接近。,背部贴紧靠垫，向前推至手臂接近伸直。,回放时控制速度，保持胸部张力。,不要耸肩顶手柄。,避免肘部完全锁死。,重量过大时容易用肩代偿。,"Compiled from common gym programming patterns and cross-checked against public exercise libraries such as ACE Fitness Exercise Library, wger/exercise API metadata, ExerciseDB-style muscle/equipment fields, and NASM rest-interval guidance. Secondary muscles and cautions are normalized by AI for app import.",主/次部位已按本 App 的训练目标体系归一化；可直接作为 seed data，后续再替换图片与视频链接。
chest_dumbbell_fly,哑铃飞鸟,Dumbbell Fly,胸部,胸大肌,三角肌前束,chest,front_delts,哑铃/卧推凳,飞鸟,中级,3,10-15次,75,仰卧持哑铃，双臂在胸上方微屈。,沿弧线打开双臂至胸部拉伸，再夹回上方。,肘部角度保持稳定，重点感受胸部拉伸和夹紧。,不要用过重哑铃。,肩前侧不适时缩小幅度。,避免肘部伸直做成肩关节硬拉。,"Compiled from common gym programming patterns and cross-checked against public exercise libraries such as ACE Fitness Exercise Library, wger/exercise API metadata, ExerciseDB-style muscle/equipment fields, and NASM rest-interval guidance. Secondary muscles and cautions are normalized by AI for app import.",主/次部位已按本 App 的训练目标体系归一化；可直接作为 seed data，后续再替换图片与视频链接。
back_pull_up,引体向上,Pull-up,背部,背阔肌,肱二头肌、斜方肌、菱形肌,lats,"biceps,traps,rhomboids",自重/单杠,垂直拉,中级,4,5-10次,120,双手正握单杠，身体自然悬垂，肩胛先下沉。,用背部带动身体向上，直到下巴接近或超过杠。,下降时控制速度，保持肩胛稳定。,不要只用手臂硬拉。,避免摆腿借力。,肩部不适时可改高位下拉。,"Compiled from common gym programming patterns and cross-checked against public exercise libraries such as ACE Fitness Exercise Library, wger/exercise API metadata, ExerciseDB-style muscle/equipment fields, and NASM rest-interval guidance. Secondary muscles and cautions are normalized by AI for app import.",主/次部位已按本 App 的训练目标体系归一化；可直接作为 seed data，后续再替换图片与视频链接。
back_chin_up,反握引体向上,Chin-up,背部,背阔肌,肱二头肌、前臂,lats,"biceps,forearms",自重/单杠,垂直拉,中级,4,5-10次,120,双手反握单杠，握距约肩宽。,收紧核心，向上拉至胸部接近杠。,下降到手臂伸展但肩不松垮。,不要耸肩。,避免身体大幅摆动。,肘腕不适时调整握距。,"Compiled from common gym programming patterns and cross-checked against public exercise libraries such as ACE Fitness Exercise Library, wger/exercise API metadata, ExerciseDB-style muscle/equipment fields, and NASM rest-interval guidance. Secondary muscles and cautions are normalized by AI for app import.",主/次部位已按本 App 的训练目标体系归一化；可直接作为 seed data，后续再替换图片与视频链接。
back_lat_pulldown,高位下拉,Lat Pulldown,背部,背阔肌,肱二头肌、下斜方肌,lats,"biceps,lower_traps",高位下拉器,垂直拉,中级,4,8-12次,105,坐稳并固定大腿，双手握住拉杆。,先下沉肩胛，再将拉杆拉向上胸。,慢速还原，感受背阔肌被拉长。,不要把拉杆拉到颈后。,避免身体后仰过大。,不要用手臂抢发力。,"Compiled from common gym programming patterns and cross-checked against public exercise libraries such as ACE Fitness Exercise Library, wger/exercise API metadata, ExerciseDB-style muscle/equipment fields, and NASM rest-interval guidance. Secondary muscles and cautions are normalized by AI for app import.",主/次部位已按本 App 的训练目标体系归一化；可直接作为 seed data，后续再替换图片与视频链接。
back_seated_cable_row,坐姿绳索划船,Seated Cable Row,背部,背阔肌、菱形肌,肱二头肌、斜方肌中下束,"lats,rhomboids","biceps,mid_traps,lower_traps",绳索划船机,水平拉,中级,4,8-12次,120,坐稳，脚踩踏板，背部保持中立。,拉手柄至腹部附近，同时肩胛向后收。,缓慢前送手柄，保持躯干稳定。,不要用腰部大幅前后摆动。,肩膀不要耸起。,拉到末端时不要过度挺腰。,"Compiled from common gym programming patterns and cross-checked against public exercise libraries such as ACE Fitness Exercise Library, wger/exercise API metadata, ExerciseDB-style muscle/equipment fields, and NASM rest-interval guidance. Secondary muscles and cautions are normalized by AI for app import.",主/次部位已按本 App 的训练目标体系归一化；可直接作为 seed data，后续再替换图片与视频链接。
back_barbell_row,杠铃俯身划船,Barbell Bent-over Row,背部,背阔肌、菱形肌,肱二头肌、竖脊肌、斜方肌,"lats,rhomboids","biceps,erectors,traps",杠铃,水平拉,中级,4,6-10次,120,髋部后坐，躯干前倾，背部保持中立。,将杠铃拉向下腹或肚脐附近。,下放时保持肩胛控制，不让背部塌陷。,不要圆背拉重量。,避免用髋部猛甩借力。,腰部疲劳时降低重量或改支撑划船。,"Compiled from common gym programming patterns and cross-checked against public exercise libraries such as ACE Fitness Exercise Library, wger/exercise API metadata, ExerciseDB-style muscle/equipment fields, and NASM rest-interval guidance. Secondary muscles and cautions are normalized by AI for app import.",主/次部位已按本 App 的训练目标体系归一化；可直接作为 seed data，后续再替换图片与视频链接。
back_one_arm_db_row,单臂哑铃划船,One-arm Dumbbell Row,背部,背阔肌,肱二头肌、菱形肌、后束三角肌,lats,"biceps,rhomboids,rear_delts",哑铃/卧凳,单侧水平拉,中级,3,8-12次/侧,120,一手一膝支撑在凳上，背部保持平直。,将哑铃沿身体侧面拉向髋部。,顶部肩胛向后下方收，慢速下放。,不要扭转躯干借力。,避免耸肩。,左右重量和次数保持一致。,"Compiled from common gym programming patterns and cross-checked against public exercise libraries such as ACE Fitness Exercise Library, wger/exercise API metadata, ExerciseDB-style muscle/equipment fields, and NASM rest-interval guidance. Secondary muscles and cautions are normalized by AI for app import.",主/次部位已按本 App 的训练目标体系归一化；可直接作为 seed data，后续再替换图片与视频链接。
back_chest_supported_row,胸托划船,Chest-supported Row,背部,背阔肌、菱形肌,肱二头肌、后束三角肌,"lats,rhomboids","biceps,rear_delts",器械/哑铃/上斜凳,水平拉,中级,4,8-12次,105,胸部贴住靠垫或上斜凳，双手持握把或哑铃。,向后拉至肘部超过躯干，肩胛收紧。,下放时保持胸部贴垫，减少腰部代偿。,不要抬胸离开靠垫。,避免耸肩。,肘部路径根据目标背部区域微调。,"Compiled from common gym programming patterns and cross-checked against public exercise libraries such as ACE Fitness Exercise Library, wger/exercise API metadata, ExerciseDB-style muscle/equipment fields, and NASM rest-interval guidance. Secondary muscles and cautions are normalized by AI for app import.",主/次部位已按本 App 的训练目标体系归一化；可直接作为 seed data，后续再替换图片与视频链接。
back_tbar_row,T杠划船,T-bar Row,背部,背阔肌、菱形肌,肱二头肌、斜方肌、竖脊肌,"lats,rhomboids","biceps,traps,erectors",T杠/地雷架,水平拉,中级,4,6-10次,120,双脚站稳，髋部后坐，握住T杠把手。,将把手拉向胸腹部，肩胛主动后收。,下放到手臂伸展但背部不松散。,不要圆背。,重量过大时容易耸肩或甩动。,腰部不适时换胸托版本。,"Compiled from common gym programming patterns and cross-checked against public exercise libraries such as ACE Fitness Exercise Library, wger/exercise API metadata, ExerciseDB-style muscle/equipment fields, and NASM rest-interval guidance. Secondary muscles and cautions are normalized by AI for app import.",主/次部位已按本 App 的训练目标体系归一化；可直接作为 seed data，后续再替换图片与视频链接。
back_straight_arm_pulldown,直臂下拉,Straight-arm Pulldown,背部,背阔肌,大圆肌、核心,lats,"teres_major,core",绳索/直杆,肩伸展,中级,3,10-15次,75,站在高位绳索前，双臂微屈握杆。,保持肘角稳定，将杆向大腿方向下压。,慢慢回到头顶前方，感受背阔肌拉伸。,不要屈肘做成下压。,避免身体前后摆动。,肩部不适时缩小幅度。,"Compiled from common gym programming patterns and cross-checked against public exercise libraries such as ACE Fitness Exercise Library, wger/exercise API metadata, ExerciseDB-style muscle/equipment fields, and NASM rest-interval guidance. Secondary muscles and cautions are normalized by AI for app import.",主/次部位已按本 App 的训练目标体系归一化；可直接作为 seed data，后续再替换图片与视频链接。
back_face_pull,面拉,Face Pull,肩部,后三角肌,斜方肌中下束、肩袖,rear_delts,"mid_traps,lower_traps,rotator_cuff",绳索,肩胛后收/外旋,中级,3,12-20次,75,将绳索调到面部高度，双手握绳。,向脸部拉绳，肘部向外打开，肩胛后收。,末端轻微外旋，慢速还原。,不要用下背后仰借力。,避免耸肩。,重量宁轻不重，重视控制。,"Compiled from common gym programming patterns and cross-checked against public exercise libraries such as ACE Fitness Exercise Library, wger/exercise API metadata, ExerciseDB-style muscle/equipment fields, and NASM rest-interval guidance. Secondary muscles and cautions are normalized by AI for app import.",主/次部位已按本 App 的训练目标体系归一化；可直接作为 seed data，后续再替换图片与视频链接。
back_deadlift,硬拉,Conventional Deadlift,背部,臀大肌、腘绳肌、竖脊肌,背阔肌、斜方肌、前臂、核心,"glutes,hamstrings,erectors","lats,traps,forearms,core",杠铃,髋铰链,中级,3,3-6次,150,站在杠铃中间，髋部后坐，背部保持中立。,用腿和髋同时发力，将杠铃贴近身体拉起。,顶端站直但不要过度后仰。,不要圆背起拉。,杠铃远离身体会增加腰部压力。,大重量前充分热身。,"Compiled from common gym programming patterns and cross-checked against public exercise libraries such as ACE Fitness Exercise Library, wger/exercise API metadata, ExerciseDB-style muscle/equipment fields, and NASM rest-interval guidance. Secondary muscles and cautions are normalized by AI for app import.",主/次部位已按本 App 的训练目标体系归一化；可直接作为 seed data，后续再替换图片与视频链接。
shoulder_overhead_press,杠铃推举,Barbell Overhead Press,肩部,三角肌前束/中束,肱三头肌、上胸、核心,"front_delts,side_delts","triceps,upper_chest,core",杠铃,垂直推,中级,4,5-8次,120,杠铃置于锁骨上方，双脚站稳，核心收紧。,沿接近垂直路径将杠铃推过头顶。,头部让开杠铃路径，顶端身体回到杠下。,不要过度后仰。,手腕保持中立。,肩部不适时改哑铃或器械。,"Compiled from common gym programming patterns and cross-checked against public exercise libraries such as ACE Fitness Exercise Library, wger/exercise API metadata, ExerciseDB-style muscle/equipment fields, and NASM rest-interval guidance. Secondary muscles and cautions are normalized by AI for app import.",主/次部位已按本 App 的训练目标体系归一化；可直接作为 seed data，后续再替换图片与视频链接。
shoulder_db_press,哑铃肩推,Dumbbell Shoulder Press,肩部,三角肌前束/中束,肱三头肌、上胸,"front_delts,side_delts","triceps,upper_chest",哑铃,垂直推,中级,4,8-12次,120,坐姿或站姿持哑铃于肩两侧。,向上推至手臂接近伸直，再控制回到肩部高度。,保持肘部略在身体前侧，减少肩夹挤。,不要耸肩。,避免腰部过度反弓。,两侧动作保持对称。,"Compiled from common gym programming patterns and cross-checked against public exercise libraries such as ACE Fitness Exercise Library, wger/exercise API metadata, ExerciseDB-style muscle/equipment fields, and NASM rest-interval guidance. Secondary muscles and cautions are normalized by AI for app import.",主/次部位已按本 App 的训练目标体系归一化；可直接作为 seed data，后续再替换图片与视频链接。
shoulder_arnold_press,阿诺德推举,Arnold Press,肩部,三角肌前束/中束,肱三头肌、上胸,"front_delts,side_delts","triceps,upper_chest",哑铃,旋转垂直推,中级,3,8-12次,120,哑铃从胸前开始，掌心朝向自己。,推起过程中旋转手臂，顶端掌心朝前。,下放按相反路径控制回到起始位置。,动作不适合过重重量。,不要用腰部摆动。,肩部活动受限者谨慎。,"Compiled from common gym programming patterns and cross-checked against public exercise libraries such as ACE Fitness Exercise Library, wger/exercise API metadata, ExerciseDB-style muscle/equipment fields, and NASM rest-interval guidance. Secondary muscles and cautions are normalized by AI for app import.",主/次部位已按本 App 的训练目标体系归一化；可直接作为 seed data，后续再替换图片与视频链接。
shoulder_lateral_raise,哑铃侧平举,Dumbbell Lateral Raise,肩部,三角肌中束,斜方肌上束,side_delts,upper_traps,哑铃,肩外展,中级,4,12-20次,75,双手持哑铃站立，肘部微屈。,将哑铃向身体两侧抬至肩高附近。,下放时控制速度，保持三角肌张力。,不要耸肩抢力。,不要甩动借力。,手腕不要高于肘太多。,"Compiled from common gym programming patterns and cross-checked against public exercise libraries such as ACE Fitness Exercise Library, wger/exercise API metadata, ExerciseDB-style muscle/equipment fields, and NASM rest-interval guidance. Secondary muscles and cautions are normalized by AI for app import.",主/次部位已按本 App 的训练目标体系归一化；可直接作为 seed data，后续再替换图片与视频链接。
shoulder_cable_lateral_raise,绳索侧平举,Cable Lateral Raise,肩部,三角肌中束,斜方肌上束,side_delts,upper_traps,绳索,肩外展,中级,3,12-20次,75,站在低位绳索旁，远侧手握把。,手臂从身体前侧或侧方抬起至肩高。,绳索提供持续张力，慢速回放。,不要耸肩。,重量过大会破坏轨迹。,保持躯干稳定。,"Compiled from common gym programming patterns and cross-checked against public exercise libraries such as ACE Fitness Exercise Library, wger/exercise API metadata, ExerciseDB-style muscle/equipment fields, and NASM rest-interval guidance. Secondary muscles and cautions are normalized by AI for app import.",主/次部位已按本 App 的训练目标体系归一化；可直接作为 seed data，后续再替换图片与视频链接。
shoulder_front_raise,前平举,Front Raise,肩部,三角肌前束,上胸、斜方肌上束,front_delts,"upper_chest,upper_traps",哑铃/杠铃片,肩屈,中级,3,10-15次,75,双手持哑铃或杠铃片置于身体前方。,将重量抬至肩高附近。,慢速下放，不要让重量自由下坠。,不要借腰部后仰。,肩前侧不适时减少幅度。,卧推量大的人不必过量添加。,"Compiled from common gym programming patterns and cross-checked against public exercise libraries such as ACE Fitness Exercise Library, wger/exercise API metadata, ExerciseDB-style muscle/equipment fields, and NASM rest-interval guidance. Secondary muscles and cautions are normalized by AI for app import.",主/次部位已按本 App 的训练目标体系归一化；可直接作为 seed data，后续再替换图片与视频链接。
shoulder_rear_delt_fly,俯身反向飞鸟,Bent-over Rear Delt Fly,肩部,后三角肌,菱形肌、斜方肌中束,rear_delts,"rhomboids,mid_traps",哑铃,水平外展,中级,3,12-20次,75,髋部后坐俯身，背部保持中立。,双臂微屈向两侧打开，感受肩后侧发力。,顶端短暂停顿后慢速下放。,不要耸肩。,不要用背部猛甩。,重量宜轻，控制轨迹。,"Compiled from common gym programming patterns and cross-checked against public exercise libraries such as ACE Fitness Exercise Library, wger/exercise API metadata, ExerciseDB-style muscle/equipment fields, and NASM rest-interval guidance. Secondary muscles and cautions are normalized by AI for app import.",主/次部位已按本 App 的训练目标体系归一化；可直接作为 seed data，后续再替换图片与视频链接。
shoulder_upright_row,直立划船,Upright Row,肩部,三角肌中束,斜方肌上束、肱二头肌,side_delts,"upper_traps,biceps",杠铃/哑铃/绳索,上拉,中级,3,10-12次,75,站立握杆或哑铃，手在身体前方。,肘部带动重量向上拉至胸上部附近。,保持重量靠近身体，慢速下放。,肩夹挤不适者避免或缩小幅度。,不要把肘部拉得过高。,优先用绳索或哑铃获得更舒适路径。,"Compiled from common gym programming patterns and cross-checked against public exercise libraries such as ACE Fitness Exercise Library, wger/exercise API metadata, ExerciseDB-style muscle/equipment fields, and NASM rest-interval guidance. Secondary muscles and cautions are normalized by AI for app import.",主/次部位已按本 App 的训练目标体系归一化；可直接作为 seed data，后续再替换图片与视频链接。
shoulder_shrug,耸肩,Shrug,肩部,斜方肌上束,前臂、肩胛提肌,upper_traps,"forearms,levator_scapulae",哑铃/杠铃,肩胛上提,中级,3,10-15次,75,双手持重站立，手臂自然下垂。,肩膀垂直向上耸起，顶端短暂停顿。,慢速下降，保持颈部放松。,不要转肩画圈。,不要用腿蹬借力。,颈部不适者减少重量。,"Compiled from common gym programming patterns and cross-checked against public exercise libraries such as ACE Fitness Exercise Library, wger/exercise API metadata, ExerciseDB-style muscle/equipment fields, and NASM rest-interval guidance. Secondary muscles and cautions are normalized by AI for app import.",主/次部位已按本 App 的训练目标体系归一化；可直接作为 seed data，后续再替换图片与视频链接。
arm_barbell_curl,杠铃弯举,Barbell Curl,手臂,肱二头肌,前臂、肱肌,biceps,"forearms,brachialis",杠铃,屈肘,中级,3,8-12次,75,双手反握杠铃，肘部贴近身体两侧。,弯曲肘部将杠铃举至胸前，再控制下放。,保持上臂稳定，感受肱二头肌收缩。,不要身体后仰甩起。,手腕不要过度弯折。,重量过大时容易借力。,"Compiled from common gym programming patterns and cross-checked against public exercise libraries such as ACE Fitness Exercise Library, wger/exercise API metadata, ExerciseDB-style muscle/equipment fields, and NASM rest-interval guidance. Secondary muscles and cautions are normalized by AI for app import.",主/次部位已按本 App 的训练目标体系归一化；可直接作为 seed data，后续再替换图片与视频链接。
arm_db_curl,哑铃弯举,Dumbbell Curl,手臂,肱二头肌,前臂、肱肌,biceps,"forearms,brachialis",哑铃,屈肘,中级,3,8-12次,75,双手持哑铃站立或坐姿，手臂自然下垂。,弯举时可逐渐旋后手掌，顶端挤压肱二头肌。,下放到手臂伸展但不松垮。,不要耸肩。,不要摆动躯干。,左右动作保持一致。,"Compiled from common gym programming patterns and cross-checked against public exercise libraries such as ACE Fitness Exercise Library, wger/exercise API metadata, ExerciseDB-style muscle/equipment fields, and NASM rest-interval guidance. Secondary muscles and cautions are normalized by AI for app import.",主/次部位已按本 App 的训练目标体系归一化；可直接作为 seed data，后续再替换图片与视频链接。
arm_hammer_curl,锤式弯举,Hammer Curl,手臂,肱肌、肱桡肌,肱二头肌、前臂,"brachialis,brachioradialis","biceps,forearms",哑铃,中立握屈肘,中级,3,10-12次,75,双手中立握哑铃，掌心相对。,保持上臂稳定，将哑铃向肩部弯举。,慢速下放，保持前臂控制。,不要借腰摆动。,手腕保持中立。,肘部不要向前跑太多。,"Compiled from common gym programming patterns and cross-checked against public exercise libraries such as ACE Fitness Exercise Library, wger/exercise API metadata, ExerciseDB-style muscle/equipment fields, and NASM rest-interval guidance. Secondary muscles and cautions are normalized by AI for app import.",主/次部位已按本 App 的训练目标体系归一化；可直接作为 seed data，后续再替换图片与视频链接。
arm_preacher_curl,牧师凳弯举,Preacher Curl,手臂,肱二头肌,肱肌、前臂,biceps,"brachialis,forearms",牧师凳/杠铃或哑铃,屈肘,中级,3,8-12次,75,上臂贴住牧师凳垫，握住杠铃或哑铃。,从接近伸展位置弯举到顶端。,下放要慢，保持肘部稳定。,不要在底部完全放松反弹。,重量过重会牵拉肘部。,保持肩部稳定。,"Compiled from common gym programming patterns and cross-checked against public exercise libraries such as ACE Fitness Exercise Library, wger/exercise API metadata, ExerciseDB-style muscle/equipment fields, and NASM rest-interval guidance. Secondary muscles and cautions are normalized by AI for app import.",主/次部位已按本 App 的训练目标体系归一化；可直接作为 seed data，后续再替换图片与视频链接。
arm_cable_curl,绳索弯举,Cable Curl,手臂,肱二头肌,前臂、肱肌,biceps,"forearms,brachialis",绳索,屈肘,中级,3,10-15次,75,站在低位绳索前，双手握直杆或绳。,肘部固定，将把手向上弯举。,慢速下放，利用绳索保持持续张力。,不要身体后仰。,肘部不要前后晃动。,顶端不要耸肩。,"Compiled from common gym programming patterns and cross-checked against public exercise libraries such as ACE Fitness Exercise Library, wger/exercise API metadata, ExerciseDB-style muscle/equipment fields, and NASM rest-interval guidance. Secondary muscles and cautions are normalized by AI for app import.",主/次部位已按本 App 的训练目标体系归一化；可直接作为 seed data，后续再替换图片与视频链接。
arm_close_grip_bench,窄握卧推,Close-grip Bench Press,手臂,肱三头肌,胸大肌、三角肌前束,triceps,"chest,front_delts",杠铃/卧推凳,窄握水平推,中级,4,6-10次,120,仰卧握杠，握距略窄于普通卧推。,控制杠铃下降至下胸附近，再推起。,肘部保持相对靠近身体，强调三头发力。,握距不要过窄以免手腕不适。,不要肘部外翻过大。,大重量使用保护。,"Compiled from common gym programming patterns and cross-checked against public exercise libraries such as ACE Fitness Exercise Library, wger/exercise API metadata, ExerciseDB-style muscle/equipment fields, and NASM rest-interval guidance. Secondary muscles and cautions are normalized by AI for app import.",主/次部位已按本 App 的训练目标体系归一化；可直接作为 seed data，后续再替换图片与视频链接。
arm_triceps_pushdown,绳索下压,Triceps Pushdown,手臂,肱三头肌,前臂,triceps,forearms,绳索/直杆,肘伸,中级,3,10-15次,75,站在高位绳索前，肘部夹在身体两侧。,向下伸直肘部，将把手压至大腿前。,顶端挤压三头，慢速回到肘部约90度。,不要耸肩压身体。,上臂不要前后摆动。,重量过大时容易借力。,"Compiled from common gym programming patterns and cross-checked against public exercise libraries such as ACE Fitness Exercise Library, wger/exercise API metadata, ExerciseDB-style muscle/equipment fields, and NASM rest-interval guidance. Secondary muscles and cautions are normalized by AI for app import.",主/次部位已按本 App 的训练目标体系归一化；可直接作为 seed data，后续再替换图片与视频链接。
arm_overhead_triceps_extension,过顶臂屈伸,Overhead Triceps Extension,手臂,肱三头肌长头,核心、肩部稳定肌,triceps_long_head,"core,shoulder_stabilizers",哑铃/绳索,过顶肘伸,中级,3,10-15次,75,双手持哑铃或绳索于头顶后方。,保持上臂接近垂直，伸直肘部将重量推起。,下放时感受三头长头拉伸。,不要腰部过度反弓。,肘部不要大幅外张。,肩部不适时减少幅度。,"Compiled from common gym programming patterns and cross-checked against public exercise libraries such as ACE Fitness Exercise Library, wger/exercise API metadata, ExerciseDB-style muscle/equipment fields, and NASM rest-interval guidance. Secondary muscles and cautions are normalized by AI for app import.",主/次部位已按本 App 的训练目标体系归一化；可直接作为 seed data，后续再替换图片与视频链接。
arm_skull_crusher,仰卧臂屈伸,Skull Crusher,手臂,肱三头肌,前臂、肩部稳定肌,triceps,"forearms,shoulder_stabilizers",EZ杠/哑铃/卧凳,肘伸,中级,3,8-12次,75,仰卧持杠或哑铃，手臂在胸上方。,弯肘将重量下降至额头或头后，再伸肘推回。,上臂保持稳定，控制下放速度。,不要让重量砸向头部。,肘部不适时改绳索。,避免过度外张肘部。,"Compiled from common gym programming patterns and cross-checked against public exercise libraries such as ACE Fitness Exercise Library, wger/exercise API metadata, ExerciseDB-style muscle/equipment fields, and NASM rest-interval guidance. Secondary muscles and cautions are normalized by AI for app import.",主/次部位已按本 App 的训练目标体系归一化；可直接作为 seed data，后续再替换图片与视频链接。
arm_bench_dip,凳上臂屈伸,Bench Dip,手臂,肱三头肌,胸大肌、三角肌前束,triceps,"chest,front_delts",凳/自重,下压推,初级,3,8-15次,120,双手撑在凳沿，双脚向前放置。,弯肘让身体下降，再用三头推回。,保持身体靠近凳子，肩胛稳定。,肩前侧不适者谨慎。,不要下降过深。,避免耸肩。,"Compiled from common gym programming patterns and cross-checked against public exercise libraries such as ACE Fitness Exercise Library, wger/exercise API metadata, ExerciseDB-style muscle/equipment fields, and NASM rest-interval guidance. Secondary muscles and cautions are normalized by AI for app import.",主/次部位已按本 App 的训练目标体系归一化；可直接作为 seed data，后续再替换图片与视频链接。
leg_back_squat,杠铃深蹲,Barbell Back Squat,腿部,股四头肌、臀大肌,腘绳肌、核心、竖脊肌,"quads,glutes","hamstrings,core,erectors",杠铃/深蹲架,蹲,中级,4,5-8次,150,杠铃置于上背，双脚约肩宽站立。,屈髋屈膝下蹲至合适深度，再用脚掌发力站起。,膝盖方向与脚尖一致，躯干保持稳定。,不要膝盖内扣。,不要圆背。,大重量使用安全杆。,"Compiled from common gym programming patterns and cross-checked against public exercise libraries such as ACE Fitness Exercise Library, wger/exercise API metadata, ExerciseDB-style muscle/equipment fields, and NASM rest-interval guidance. Secondary muscles and cautions are normalized by AI for app import.",主/次部位已按本 App 的训练目标体系归一化；可直接作为 seed data，后续再替换图片与视频链接。
leg_front_squat,前蹲,Front Squat,腿部,股四头肌,臀大肌、核心、上背,quads,"glutes,core,upper_back",杠铃/深蹲架,蹲,中级,4,5-8次,150,杠铃放在前三角和锁骨附近，肘部抬高。,保持躯干更直立地下蹲，再站起。,核心和上背收紧，避免杠铃滚落。,手腕不适可用交叉握。,不要肘部下掉。,重量从轻开始适应。,"Compiled from common gym programming patterns and cross-checked against public exercise libraries such as ACE Fitness Exercise Library, wger/exercise API metadata, ExerciseDB-style muscle/equipment fields, and NASM rest-interval guidance. Secondary muscles and cautions are normalized by AI for app import.",主/次部位已按本 App 的训练目标体系归一化；可直接作为 seed data，后续再替换图片与视频链接。
leg_goblet_squat,高脚杯深蹲,Goblet Squat,腿部,股四头肌、臀大肌,核心、内收肌,"quads,glutes","core,adductors",哑铃/壶铃,蹲,初级,3,8-12次,120,双手抱住哑铃或壶铃于胸前。,下蹲时肘部可自然向膝内侧方向。,保持胸口打开，脚掌稳定发力站起。,不要塌腰。,膝盖跟随脚尖。,适合作为深蹲学习动作。,"Compiled from common gym programming patterns and cross-checked against public exercise libraries such as ACE Fitness Exercise Library, wger/exercise API metadata, ExerciseDB-style muscle/equipment fields, and NASM rest-interval guidance. Secondary muscles and cautions are normalized by AI for app import.",主/次部位已按本 App 的训练目标体系归一化；可直接作为 seed data，后续再替换图片与视频链接。
leg_leg_press,腿举,Leg Press,腿部,股四头肌、臀大肌,腘绳肌、小腿,"quads,glutes","hamstrings,calves",腿举机,蹲/推,中级,4,8-12次,105,坐进腿举机，双脚踩在踏板上约肩宽。,解除安全锁，弯膝下降至可控深度后推回。,全程保持腰背贴住靠垫。,不要膝盖内扣。,不要在顶端锁死膝盖。,不要下降到骨盆后翻。,"Compiled from common gym programming patterns and cross-checked against public exercise libraries such as ACE Fitness Exercise Library, wger/exercise API metadata, ExerciseDB-style muscle/equipment fields, and NASM rest-interval guidance. Secondary muscles and cautions are normalized by AI for app import.",主/次部位已按本 App 的训练目标体系归一化；可直接作为 seed data，后续再替换图片与视频链接。
leg_walking_lunge,行走弓步,Walking Lunge,腿部,股四头肌、臀大肌,腘绳肌、核心、小腿,"quads,glutes","hamstrings,core,calves",自重/哑铃/杠铃,单腿蹲,中级,3,10-16步,120,站立后向前迈出一步，身体保持直立。,下降至前腿发力明显，再推起并迈下一步。,保持膝盖与脚尖方向一致。,不要前膝明显内扣。,步幅过小会增加膝压力。,保持核心稳定。,"Compiled from common gym programming patterns and cross-checked against public exercise libraries such as ACE Fitness Exercise Library, wger/exercise API metadata, ExerciseDB-style muscle/equipment fields, and NASM rest-interval guidance. Secondary muscles and cautions are normalized by AI for app import.",主/次部位已按本 App 的训练目标体系归一化；可直接作为 seed data，后续再替换图片与视频链接。
leg_bulgarian_split_squat,保加利亚分腿蹲,Bulgarian Split Squat,腿部,股四头肌、臀大肌,腘绳肌、核心,"quads,glutes","hamstrings,core",哑铃/凳,单腿蹲,中级,3,8-12次/侧,120,后脚放在凳上，前脚站稳。,屈膝下降至前腿发力，再站起。,身体可略前倾以增强臀部参与。,不要前膝内扣。,前脚距离不合适会影响平衡。,左右两侧保持同等训练量。,"Compiled from common gym programming patterns and cross-checked against public exercise libraries such as ACE Fitness Exercise Library, wger/exercise API metadata, ExerciseDB-style muscle/equipment fields, and NASM rest-interval guidance. Secondary muscles and cautions are normalized by AI for app import.",主/次部位已按本 App 的训练目标体系归一化；可直接作为 seed data，后续再替换图片与视频链接。
leg_leg_extension,坐姿腿屈伸,Leg Extension,腿部,股四头肌,髋屈肌少量参与,quads,hip_flexors,器械,膝伸,中级,3,10-15次,75,调整坐垫和脚垫，使膝轴与机器轴接近。,伸直膝盖将脚垫抬起，顶端短暂停顿。,慢速下放，保持股四头肌张力。,不要猛甩小腿。,膝不适时减少重量和幅度。,避免完全靠惯性。,"Compiled from common gym programming patterns and cross-checked against public exercise libraries such as ACE Fitness Exercise Library, wger/exercise API metadata, ExerciseDB-style muscle/equipment fields, and NASM rest-interval guidance. Secondary muscles and cautions are normalized by AI for app import.",主/次部位已按本 App 的训练目标体系归一化；可直接作为 seed data，后续再替换图片与视频链接。
leg_leg_curl,俯卧/坐姿腿弯举,Leg Curl,腿部,腘绳肌,小腿腓肠肌,hamstrings,calves,器械,膝屈,中级,3,10-15次,75,调整机器，使膝关节轴线与机器轴接近。,屈膝将脚垫向臀部方向卷起。,顶端收缩后慢速放回。,不要抬臀借力。,不要让重量片碰撞。,膝后侧不适时减小幅度。,"Compiled from common gym programming patterns and cross-checked against public exercise libraries such as ACE Fitness Exercise Library, wger/exercise API metadata, ExerciseDB-style muscle/equipment fields, and NASM rest-interval guidance. Secondary muscles and cautions are normalized by AI for app import.",主/次部位已按本 App 的训练目标体系归一化；可直接作为 seed data，后续再替换图片与视频链接。
leg_rdl,罗马尼亚硬拉,Romanian Deadlift,腿部,腘绳肌、臀大肌,竖脊肌、背阔肌、前臂,"hamstrings,glutes","erectors,lats,forearms",杠铃/哑铃,髋铰链,中级,4,6-10次,120,站立持杠或哑铃，膝盖微屈。,髋部向后推，重量沿腿前侧下降。,感到腘绳肌拉伸后用臀腿发力回到站立。,不要圆背。,重量不要远离身体。,不是下蹲动作，膝角保持相对稳定。,"Compiled from common gym programming patterns and cross-checked against public exercise libraries such as ACE Fitness Exercise Library, wger/exercise API metadata, ExerciseDB-style muscle/equipment fields, and NASM rest-interval guidance. Secondary muscles and cautions are normalized by AI for app import.",主/次部位已按本 App 的训练目标体系归一化；可直接作为 seed data，后续再替换图片与视频链接。
glute_hip_thrust,臀推,Hip Thrust,臀部,臀大肌,腘绳肌、股四头肌,glutes,"hamstrings,quads",杠铃/臀推凳,髋伸,中级,4,8-12次,120,上背靠凳，杠铃置于髋部并加软垫。,脚掌踩稳，向上伸髋至身体接近平直。,顶端收紧臀部，慢速下放。,不要腰椎过度反弓。,脚离身体太远会更多用腘绳肌。,保持下巴微收。,"Compiled from common gym programming patterns and cross-checked against public exercise libraries such as ACE Fitness Exercise Library, wger/exercise API metadata, ExerciseDB-style muscle/equipment fields, and NASM rest-interval guidance. Secondary muscles and cautions are normalized by AI for app import.",主/次部位已按本 App 的训练目标体系归一化；可直接作为 seed data，后续再替换图片与视频链接。
glute_bridge,臀桥,Glute Bridge,臀部,臀大肌,腘绳肌、核心,glutes,"hamstrings,core",自重/杠铃/弹力带,髋伸,初级,3,10-15次,120,仰卧屈膝，脚跟靠近臀部。,用臀部发力将髋部抬起。,顶端短暂停顿，慢速回到地面。,不要用腰顶起。,膝盖不要内扣。,可加弹力带增强臀中肌参与。,"Compiled from common gym programming patterns and cross-checked against public exercise libraries such as ACE Fitness Exercise Library, wger/exercise API metadata, ExerciseDB-style muscle/equipment fields, and NASM rest-interval guidance. Secondary muscles and cautions are normalized by AI for app import.",主/次部位已按本 App 的训练目标体系归一化；可直接作为 seed data，后续再替换图片与视频链接。
leg_standing_calf_raise,站姿提踵,Standing Calf Raise,腿部,腓肠肌,比目鱼肌,calves_gastrocnemius,soleus,器械/哑铃/台阶,踝跖屈,中级,4,10-20次,75,前脚掌踩在踏板或台阶上，脚跟可下沉。,向上踮脚至小腿收缩，再慢速下降。,底部感受小腿拉伸，顶端停顿。,不要用膝盖弹动。,幅度不要过小。,保持踝关节稳定。,"Compiled from common gym programming patterns and cross-checked against public exercise libraries such as ACE Fitness Exercise Library, wger/exercise API metadata, ExerciseDB-style muscle/equipment fields, and NASM rest-interval guidance. Secondary muscles and cautions are normalized by AI for app import.",主/次部位已按本 App 的训练目标体系归一化；可直接作为 seed data，后续再替换图片与视频链接。
leg_seated_calf_raise,坐姿提踵,Seated Calf Raise,腿部,比目鱼肌,腓肠肌,soleus,calves_gastrocnemius,器械,踝跖屈,中级,4,12-20次,75,坐在器械上，膝盖弯曲，前脚掌踩踏板。,向上踮脚抬起重量，再慢速下降。,保持底部拉伸和顶端收缩。,不要借身体晃动。,踝部不适时减小重量。,动作节奏要稳定。,"Compiled from common gym programming patterns and cross-checked against public exercise libraries such as ACE Fitness Exercise Library, wger/exercise API metadata, ExerciseDB-style muscle/equipment fields, and NASM rest-interval guidance. Secondary muscles and cautions are normalized by AI for app import.",主/次部位已按本 App 的训练目标体系归一化；可直接作为 seed data，后续再替换图片与视频链接。
leg_step_up,登阶,Step-up,腿部,股四头肌、臀大肌,腘绳肌、小腿、核心,"quads,glutes","hamstrings,calves,core",箱子/哑铃,单腿蹲,中级,3,8-12次/侧,120,一脚踩上箱子或踏台，身体保持直立。,用上方腿发力站上平台。,控制下放回地面，左右交替或单侧完成。,不要用后脚大力蹬地。,膝盖不要内扣。,箱子高度以动作可控为准。,"Compiled from common gym programming patterns and cross-checked against public exercise libraries such as ACE Fitness Exercise Library, wger/exercise API metadata, ExerciseDB-style muscle/equipment fields, and NASM rest-interval guidance. Secondary muscles and cautions are normalized by AI for app import.",主/次部位已按本 App 的训练目标体系归一化；可直接作为 seed data，后续再替换图片与视频链接。
leg_hack_squat,哈克深蹲,Hack Squat,腿部,股四头肌,臀大肌、腘绳肌,quads,"glutes,hamstrings",哈克深蹲机,蹲,中级,4,8-12次,105,背部贴靠垫，肩部置于垫下，双脚踩稳。,屈膝下降至可控深度，再推回。,脚位较低更偏股四头，较高更偏臀腿。,不要膝盖内扣。,不要在顶端锁死膝盖。,下放速度要控制。,"Compiled from common gym programming patterns and cross-checked against public exercise libraries such as ACE Fitness Exercise Library, wger/exercise API metadata, ExerciseDB-style muscle/equipment fields, and NASM rest-interval guidance. Secondary muscles and cautions are normalized by AI for app import.",主/次部位已按本 App 的训练目标体系归一化；可直接作为 seed data，后续再替换图片与视频链接。
glute_cable_kickback,绳索后踢腿,Cable Kickback,臀部,臀大肌,腘绳肌、核心,glutes,"hamstrings,core",绳索/脚踝绑带,髋伸,中级,3,12-15次/侧,75,脚踝绑低位绳索，身体略前倾扶稳。,保持膝微屈，将腿向后上方伸展。,顶端收缩臀部，慢速回放。,不要腰部反弓借力。,动作幅度不必过高。,骨盆保持稳定。,"Compiled from common gym programming patterns and cross-checked against public exercise libraries such as ACE Fitness Exercise Library, wger/exercise API metadata, ExerciseDB-style muscle/equipment fields, and NASM rest-interval guidance. Secondary muscles and cautions are normalized by AI for app import.",主/次部位已按本 App 的训练目标体系归一化；可直接作为 seed data，后续再替换图片与视频链接。
core_plank,平板支撑,Plank,腹部,腹横肌、腹直肌,臀部、肩部稳定肌,core,"glutes,shoulder_stabilizers",自重,抗伸展,初级,3,30-60秒,60,前臂撑地，肘在肩下方，双脚向后伸直。,收紧腹部和臀部，保持身体一条直线。,均匀呼吸，不要憋气。,不要塌腰。,不要抬臀过高。,腰痛时缩短时间。,"Compiled from common gym programming patterns and cross-checked against public exercise libraries such as ACE Fitness Exercise Library, wger/exercise API metadata, ExerciseDB-style muscle/equipment fields, and NASM rest-interval guidance. Secondary muscles and cautions are normalized by AI for app import.",主/次部位已按本 App 的训练目标体系归一化；可直接作为 seed data，后续再替换图片与视频链接。
core_side_plank,侧平板支撑,Side Plank,腹部,腹斜肌,臀中肌、肩部稳定肌,obliques,"glute_med,shoulder_stabilizers",自重,抗侧屈,初级,3,20-45秒/侧,60,侧卧用前臂撑地，双脚叠放或前后错开。,抬起髋部，让身体成一直线。,保持骨盆不向前后旋转。,肩不适时缩短时间。,不要让髋部下沉。,左右两侧都训练。,"Compiled from common gym programming patterns and cross-checked against public exercise libraries such as ACE Fitness Exercise Library, wger/exercise API metadata, ExerciseDB-style muscle/equipment fields, and NASM rest-interval guidance. Secondary muscles and cautions are normalized by AI for app import.",主/次部位已按本 App 的训练目标体系归一化；可直接作为 seed data，后续再替换图片与视频链接。
core_dead_bug,死虫,Dead Bug,腹部,腹横肌、腹直肌,髋屈肌、肩部稳定肌,core,"hip_flexors,shoulder_stabilizers",自重,抗伸展,初级,3,8-12次/侧,60,仰卧抬起双臂和双腿，腰背轻贴地面。,对侧手脚缓慢向远处伸展，再回到起始位置。,保持核心收紧，腰不要离地。,动作宁慢不快。,不要用惯性摆腿。,腰部不适时缩小幅度。,"Compiled from common gym programming patterns and cross-checked against public exercise libraries such as ACE Fitness Exercise Library, wger/exercise API metadata, ExerciseDB-style muscle/equipment fields, and NASM rest-interval guidance. Secondary muscles and cautions are normalized by AI for app import.",主/次部位已按本 App 的训练目标体系归一化；可直接作为 seed data，后续再替换图片与视频链接。
core_hanging_leg_raise,悬垂举腿,Hanging Leg Raise,腹部,腹直肌下部,髋屈肌、前臂,abs_lower,"hip_flexors,forearms",单杠/吊环,髋屈/卷腹,中级,3,8-12次,60,双手悬垂，肩胛保持稳定。,抬腿至髋部屈曲明显，可进一步卷骨盆。,慢速下放，避免身体摆动。,不要甩腿借力。,握力不足可用护腕。,腰部不适时改屈膝版本。,"Compiled from common gym programming patterns and cross-checked against public exercise libraries such as ACE Fitness Exercise Library, wger/exercise API metadata, ExerciseDB-style muscle/equipment fields, and NASM rest-interval guidance. Secondary muscles and cautions are normalized by AI for app import.",主/次部位已按本 App 的训练目标体系归一化；可直接作为 seed data，后续再替换图片与视频链接。
core_cable_crunch,绳索卷腹,Cable Crunch,腹部,腹直肌,腹斜肌,abs,obliques,绳索,脊柱屈曲,中级,3,10-15次,60,跪在高位绳索前，双手握绳靠近头部。,收缩腹部让胸骨向骨盆方向卷曲。,慢速回到起始，保持髋部相对稳定。,不要用手臂拉绳。,不要坐髋后移太多。,腰痛者谨慎。,"Compiled from common gym programming patterns and cross-checked against public exercise libraries such as ACE Fitness Exercise Library, wger/exercise API metadata, ExerciseDB-style muscle/equipment fields, and NASM rest-interval guidance. Secondary muscles and cautions are normalized by AI for app import.",主/次部位已按本 App 的训练目标体系归一化；可直接作为 seed data，后续再替换图片与视频链接。
core_russian_twist,俄罗斯转体,Russian Twist,腹部,腹斜肌,腹直肌、髋屈肌,obliques,"abs,hip_flexors",自重/药球/哑铃,旋转,中级,3,16-30次,60,坐姿微后仰，双脚可踩地或抬起。,双手持重或空手，躯干左右旋转。,保持核心收紧，动作可控。,不要只甩手臂。,腰不适时减小幅度。,重量不宜过大。,"Compiled from common gym programming patterns and cross-checked against public exercise libraries such as ACE Fitness Exercise Library, wger/exercise API metadata, ExerciseDB-style muscle/equipment fields, and NASM rest-interval guidance. Secondary muscles and cautions are normalized by AI for app import.",主/次部位已按本 App 的训练目标体系归一化；可直接作为 seed data，后续再替换图片与视频链接。
core_ab_wheel,健腹轮,Ab Wheel Rollout,腹部,腹直肌、腹横肌,背阔肌、肩部稳定肌,"abs,core","lats,shoulder_stabilizers",健腹轮,抗伸展,中级,3,6-12次,60,跪姿握住健腹轮，核心和臀部收紧。,缓慢向前推出身体，保持腰背稳定。,用腹部力量将身体拉回起始位置。,不要塌腰。,推出距离量力而行。,初学者先做短幅度。,"Compiled from common gym programming patterns and cross-checked against public exercise libraries such as ACE Fitness Exercise Library, wger/exercise API metadata, ExerciseDB-style muscle/equipment fields, and NASM rest-interval guidance. Secondary muscles and cautions are normalized by AI for app import.",主/次部位已按本 App 的训练目标体系归一化；可直接作为 seed data，后续再替换图片与视频链接。
core_bicycle_crunch,自行车卷腹,Bicycle Crunch,腹部,腹直肌、腹斜肌,髋屈肌,"abs,obliques",hip_flexors,自重,卷腹/旋转,初级,3,16-30次,60,仰卧双手轻扶头侧，双腿抬起。,对侧肘膝靠近，同时另一腿伸展。,左右交替，保持腹部发力。,不要用手拉脖子。,动作不要过快。,腰部不适时减少伸腿幅度。,"Compiled from common gym programming patterns and cross-checked against public exercise libraries such as ACE Fitness Exercise Library, wger/exercise API metadata, ExerciseDB-style muscle/equipment fields, and NASM rest-interval guidance. Secondary muscles and cautions are normalized by AI for app import.",主/次部位已按本 App 的训练目标体系归一化；可直接作为 seed data，后续再替换图片与视频链接。
core_pallof_press,帕洛夫抗旋转推,Pallof Press,腹部,腹横肌、腹斜肌,臀部、肩部稳定肌,"core,obliques","glutes,shoulder_stabilizers",绳索/弹力带,抗旋转,中级,3,10-15次/侧,60,侧身站在绳索或弹力带旁，双手握把于胸前。,向前推出手臂，抵抗身体被拉向一侧。,保持骨盆和胸口朝前，慢速收回。,不要让身体旋转。,重量以能稳定控制为准。,左右两侧都做。,"Compiled from common gym programming patterns and cross-checked against public exercise libraries such as ACE Fitness Exercise Library, wger/exercise API metadata, ExerciseDB-style muscle/equipment fields, and NASM rest-interval guidance. Secondary muscles and cautions are normalized by AI for app import.",主/次部位已按本 App 的训练目标体系归一化；可直接作为 seed data，后续再替换图片与视频链接。
cardio_treadmill_run,跑步机跑步,Treadmill Run,有氧,心肺耐力,小腿、股四头肌、臀部、核心,cardio,"calves,quads,glutes,core",跑步机,有氧,初级,1,10-30分钟,60,选择合适速度，先用慢跑或快走热身。,保持上身放松，脚步节奏稳定。,训练结束逐渐降速冷身。,不要一开始速度过快。,鞋带和跑带安全夹要检查。,膝踝不适时降低速度或坡度。,"Compiled from common gym programming patterns and cross-checked against public exercise libraries such as ACE Fitness Exercise Library, wger/exercise API metadata, ExerciseDB-style muscle/equipment fields, and NASM rest-interval guidance. Secondary muscles and cautions are normalized by AI for app import.",主/次部位已按本 App 的训练目标体系归一化；可直接作为 seed data，后续再替换图片与视频链接。
cardio_incline_walk,坡度快走,Incline Walk,有氧,心肺耐力,臀部、腘绳肌、小腿,cardio,"glutes,hamstrings,calves",跑步机,有氧,初级,1,10-40分钟,60,设置中低速度和合适坡度。,身体保持自然直立，手臂轻松摆动。,用稳定步频完成训练，不要抓扶手借力。,坡度过高会增加小腿和腰部压力。,不要身体后仰。,逐渐增加时间和坡度。,"Compiled from common gym programming patterns and cross-checked against public exercise libraries such as ACE Fitness Exercise Library, wger/exercise API metadata, ExerciseDB-style muscle/equipment fields, and NASM rest-interval guidance. Secondary muscles and cautions are normalized by AI for app import.",主/次部位已按本 App 的训练目标体系归一化；可直接作为 seed data，后续再替换图片与视频链接。
cardio_cycling,动感单车/骑行,Stationary Cycling,有氧,心肺耐力,股四头肌、臀部、小腿,cardio,"quads,glutes,calves",单车,有氧,初级,1,10-45分钟,60,调整座椅高度，使膝盖在底部仍微屈。,保持稳定踩踏节奏，根据目标调节阻力。,训练结束降低阻力慢踩冷身。,不要座椅过低导致膝压力。,膝盖保持朝前。,避免上身过度晃动。,"Compiled from common gym programming patterns and cross-checked against public exercise libraries such as ACE Fitness Exercise Library, wger/exercise API metadata, ExerciseDB-style muscle/equipment fields, and NASM rest-interval guidance. Secondary muscles and cautions are normalized by AI for app import.",主/次部位已按本 App 的训练目标体系归一化；可直接作为 seed data，后续再替换图片与视频链接。
cardio_rower,划船机,Rowing Machine,有氧,心肺耐力,背部、腿部、臀部、手臂,cardio,"back,legs,glutes,arms",划船机,有氧/拉,中级,1,8-20分钟,60,脚固定好，先用腿发力，再髋部后摆，最后拉手柄。,回程按手臂、髋、腿的顺序恢复。,保持背部中立，节奏连贯。,不要一开始就用手臂硬拉。,不要圆背。,阻力不必调到最高。,"Compiled from common gym programming patterns and cross-checked against public exercise libraries such as ACE Fitness Exercise Library, wger/exercise API metadata, ExerciseDB-style muscle/equipment fields, and NASM rest-interval guidance. Secondary muscles and cautions are normalized by AI for app import.",主/次部位已按本 App 的训练目标体系归一化；可直接作为 seed data，后续再替换图片与视频链接。
cardio_elliptical,椭圆机,Elliptical Trainer,有氧,心肺耐力,腿部、臀部、肩背少量参与,cardio,"legs,glutes,shoulders,back",椭圆机,有氧,初级,1,10-40分钟,60,双脚踩稳踏板，双手握住扶手或保持自然摆臂。,以稳定节奏推动踏板，保持呼吸。,根据状态调整阻力和坡度。,不要身体左右晃动过大。,膝盖朝脚尖方向。,初次使用从低阻力开始。,"Compiled from common gym programming patterns and cross-checked against public exercise libraries such as ACE Fitness Exercise Library, wger/exercise API metadata, ExerciseDB-style muscle/equipment fields, and NASM rest-interval guidance. Secondary muscles and cautions are normalized by AI for app import.",主/次部位已按本 App 的训练目标体系归一化；可直接作为 seed data，后续再替换图片与视频链接。
cardio_jump_rope,跳绳,Jump Rope,有氧,心肺耐力,小腿、肩部、核心,cardio,"calves,shoulders,core",跳绳,有氧/弹跳,中级,3,30-90秒,45,选择合适绳长，身体直立，手腕轻微转绳。,用前脚掌小幅弹跳，保持节奏。,分组完成，逐渐延长连续时间。,不要跳得过高。,膝踝不适时减少量。,地面过硬时注意缓冲。,"Compiled from common gym programming patterns and cross-checked against public exercise libraries such as ACE Fitness Exercise Library, wger/exercise API metadata, ExerciseDB-style muscle/equipment fields, and NASM rest-interval guidance. Secondary muscles and cautions are normalized by AI for app import.",主/次部位已按本 App 的训练目标体系归一化；可直接作为 seed data，后续再替换图片与视频链接。
cardio_battle_rope,战绳,Battle Rope,有氧,心肺耐力,肩部、手臂、核心、背部,cardio,"shoulders,arms,core,back",战绳,有氧/上肢摆动,中级,3,20-45秒,45,双脚站稳，双手握住战绳末端。,快速交替或同时甩绳，保持核心稳定。,按时间分组完成，组间短休。,不要耸肩过度。,腰背保持稳定。,手腕不适时降低强度。,"Compiled from common gym programming patterns and cross-checked against public exercise libraries such as ACE Fitness Exercise Library, wger/exercise API metadata, ExerciseDB-style muscle/equipment fields, and NASM rest-interval guidance. Secondary muscles and cautions are normalized by AI for app import.",主/次部位已按本 App 的训练目标体系归一化；可直接作为 seed data，后续再替换图片与视频链接。
cardio_burpee,波比跳,Burpee,有氧,心肺耐力,胸部、肩部、腿部、核心,cardio,"chest,shoulders,legs,core",自重,全身循环,中级,3,8-15次,45,站立后下蹲，双手撑地，双脚向后跳成俯撑。,可完成俯卧撑，再收腿跳起。,保持节奏，动作完整但不过度追求速度。,疲劳时动作容易塌腰。,膝踝不适时去掉跳跃。,心肺压力大，循序渐进。,"Compiled from common gym programming patterns and cross-checked against public exercise libraries such as ACE Fitness Exercise Library, wger/exercise API metadata, ExerciseDB-style muscle/equipment fields, and NASM rest-interval guidance. Secondary muscles and cautions are normalized by AI for app import.",主/次部位已按本 App 的训练目标体系归一化；可直接作为 seed data，后续再替换图片与视频链接。
cardio_jumping_jacks,开合跳,Jumping Jacks,有氧,心肺耐力,小腿、肩部、臀中肌,cardio,"calves,shoulders,glute_med",自重,有氧/弹跳,初级,3,30-90秒,45,站立开始，双脚向两侧跳开，同时双臂上举。,再跳回双脚并拢，手臂回到身体两侧。,保持轻盈落地和稳定节奏。,膝踝不适时改低冲击版本。,不要耸肩。,地面要防滑。,"Compiled from common gym programming patterns and cross-checked against public exercise libraries such as ACE Fitness Exercise Library, wger/exercise API metadata, ExerciseDB-style muscle/equipment fields, and NASM rest-interval guidance. Secondary muscles and cautions are normalized by AI for app import.",主/次部位已按本 App 的训练目标体系归一化；可直接作为 seed data，后续再替换图片与视频链接。
cardio_stair_climber,登阶机,Stair Climber,有氧,心肺耐力,臀部、股四头肌、小腿,cardio,"glutes,quads,calves",登阶机,有氧/台阶,中级,1,10-30分钟,60,双脚踩稳台阶，身体自然直立。,以稳定节奏持续踏步。,可轻扶把手保持平衡，但不要把体重压在手上。,不要弯腰趴扶手。,膝盖跟随脚尖。,初学者从低速度开始。,"Compiled from common gym programming patterns and cross-checked against public exercise libraries such as ACE Fitness Exercise Library, wger/exercise API metadata, ExerciseDB-style muscle/equipment fields, and NASM rest-interval guidance. Secondary muscles and cautions are normalized by AI for app import.",主/次部位已按本 App 的训练目标体系归一化；可直接作为 seed data，后续再替换图片与视频链接。
shoulder_y_raise,Y字侧平举,Y Raise,肩部,三角肌中束与后束,斜方肌中下束、上背,side_delts,"rear_delts,traps,rhomboids",哑铃/绳索,肩胛平面上举,中级,3,10次+力竭,60,双手持轻重量，从身体前下方向斜上方抬起，手臂形成Y字。,保持肘部微屈，沿肩胛平面抬至耳侧或略低位置。,顶端短暂停顿，控制重量沿原路径缓慢下放。,不要耸肩或用斜方肌抢力。,重量宜轻，避免腰部后仰借力。,肩部出现夹挤或疼痛时减小幅度。,"Exercise selection follows the 凯圣王/谭成义 three-split tutorial series; technique, muscle and rest fields are normalized against common resistance-training guidance for app import.",保留教程常用名称；新增动作 id 76。
back_single_arm_cable_pulldown,单手钢线下拉,Single-arm Cable Pulldown,背部,背阔肌,肱二头肌、前臂,lats,"biceps,forearms",龙门架/单把手,垂直拉,中级,4,12次,90,单手握住高位钢线把手，躯干保持稳定，肩胛先向下沉。,沿身体侧前方将肘部拉向髋部，感受背阔肌收缩。,缓慢伸展手臂并让肩胛上旋，完成充分但可控的回放。,不要大幅侧屈或旋转躯干借力。,避免耸肩后直接用肱二头肌拉动。,左右两侧使用相同重量和训练量。,"Exercise selection follows the 凯圣王/谭成义 three-split tutorial series; technique, muscle and rest fields are normalized against common resistance-training guidance for app import.",保留教程中的“钢线”命名；新增动作 id 77。
back_neutral_grip_pulldown,对握下拉,Neutral-grip Lat Pulldown,背部,背阔肌,肱二头肌、斜方肌、前臂,lats,"biceps,traps,forearms",高位下拉器/对握把手,垂直拉,中级,4,8-12次,90,坐稳并固定大腿，双手以掌心相对的中立握法握住把手。,先下沉肩胛，再将把手拉向上胸，肘部沿身体两侧向下。,保持胸口打开，控制把手回到手臂充分伸展的位置。,不要用过度后仰把动作变成划船。,不要让肩膀在回放末端突然松垮。,腕肘不适时调整握距或把手类型。,"Exercise selection follows the 凯圣王/谭成义 three-split tutorial series; technique, muscle and rest fields are normalized against common resistance-training guidance for app import.",新增动作 id 78。
back_single_arm_machine_row,单手器械划船,Single-arm Machine Row,背部,背阔肌与菱形肌,肱二头肌、三角肌后束、斜方肌,"lats,rhomboids","biceps,rear_delts,traps",划船器械,水平拉,中级,4,10次,90,调整座椅和胸垫，单手握住把手，胸部稳定贴靠。,用肘部带动把手向髋部或肋骨方向拉，肩胛向后下方收紧。,保持躯干不旋转，缓慢前送手臂至背部充分拉伸。,不要扭转身体完成末端幅度。,避免耸肩或用手臂抢先发力。,座椅高度应让拉动路径自然且肩部舒适。,"Exercise selection follows the 凯圣王/谭成义 three-split tutorial series; technique, muscle and rest fields are normalized against common resistance-training guidance for app import.",新增动作 id 79。
back_seated_elbows_out_row,坐姿开肘划船,Seated Elbows-out Row,背部,上背与三角肌后束,斜方肌、肱二头肌,"rhomboids,rear_delts","traps,biceps",绳索/器械,开肘水平拉,中级,4,12-15次,75,坐稳握住绳索或器械把手，手肘向身体两侧打开。,将把手拉向上腹或胸下方，同时主动后收肩胛。,顶端保持上臂接近肩线，控制回放并让上背充分伸展。,不要耸肩把负荷转移到上斜方肌。,避免腰部大幅前后摆动借力。,肩前侧不适时降低开肘角度。,"Exercise selection follows the 凯圣王/谭成义 three-split tutorial series; technique, muscle and rest fields are normalized against common resistance-training guidance for app import.",新增动作 id 80。
leg_single_leg_deadlift,单腿硬拉,Single-leg Romanian Deadlift,腿部,腘绳肌与臀大肌,竖脊肌、内收肌、核心,"hamstrings,glutes","erectors,adductors,core",哑铃/自重,单腿髋铰链,中级,4,12次,90,单脚站稳，支撑腿膝盖微屈，双手持哑铃或徒手保持平衡。,髋部向后推，非支撑腿向后伸，躯干与后腿同步前倾。,保持骨盆朝向地面，用支撑腿臀部和腘绳肌发力站回。,不要圆背或让骨盆向外翻开。,先掌握平衡和髋铰链，再增加重量。,左右两侧保持相同训练量。,"Exercise selection follows the 凯圣王/谭成义 three-split tutorial series; technique, muscle and rest fields are normalized against common resistance-training guidance for app import.",新增动作 id 81。
leg_roman_chair_back_extension,山羊挺身,Roman Chair Back Extension,腿部,臀大肌与腘绳肌,竖脊肌,"glutes,hamstrings",erectors,罗马椅,髋伸,中级,3,8次,90,调整罗马椅垫板至髋部下方，双脚固定，身体保持中立。,以髋关节为轴控制上身下放，感受臀部和腘绳肌拉伸。,收紧臀腿将身体抬回直线位置，顶端不要继续后仰。,不要用腰椎快速甩动完成动作。,顶端只回到身体成直线，避免过度反弓。,腰部不适时缩小幅度并优先使用自重。,"Exercise selection follows the 凯圣王/谭成义 three-split tutorial series; technique, muscle and rest fields are normalized against common resistance-training guidance for app import.",新增动作 id 82。
